domain,original_url,redirected_url
m.youtube.com,https://m.youtube.com/watch?v=91Ib5NjSZ-o,https://www.youtube.com/watch?app=desktop&v=91Ib5NjSZ-o
dailyexpose.uk,https://dailyexpose.uk/2022/01/31/high-excess-deaths-worldwide-linked-to-covid-vaccine/,https://dailyexpose.uk/2022/01/31/high-excess-deaths-worldwide-linked-to-covid-vaccine/
rumble.com,https://rumble.com/vp4i7h-dr.-frank-epic-interview-with-pete-santilli-november-12-2021.html,https://rumble.com/vp4i7h-dr.-frank-epic-interview-with-pete-santilli-november-12-2021.html
youtu.be,https://youtu.be/gmOkZ-nBiN8,https://www.youtube.com/watch?v=gmOkZ-nBiN8&feature=youtu.be
rumble.com,https://rumble.com/vu2o9o-cnn-lou-dobbs-voting-machines-put-u.s.-democracy-at-risk-september-21-2006.html?mref=6zof&mc=dgip3&utm_source=newsletter&utm_medium=email&utm_campaign=KanekoaTheGreat&ep=2,https://rumble.com/vu2o9o-cnn-lou-dobbs-voting-machines-put-u.s.-democracy-at-risk-september-21-2006.html?mref=6zof&mc=dgip3&utm_source=newsletter&utm_medium=email&utm_campaign=KanekoaTheGreat&ep=2
rumble.com,https://rumble.com/vva2j9-now-in-canada.html,https://rumble.com/vva2j9-now-in-canada.html
harpers.org,https://harpers.org/archive/2012/11/how-to-rig-an-election/,https://harpers.org/archive/2012/11/how-to-rig-an-election/
kanekoa.substack.com,https://kanekoa.substack.com/p/the-powerful-pfizer-presentation,https://kanekoa.substack.com/p/the-powerful-pfizer-presentation
www.salon.com,https://www.salon.com/2013/10/24/atm_company_diebold_charged_with_bribery_falsifying_docs/,https://www.salon.com/2013/10/24/atm_company_diebold_charged_with_bribery_falsifying_docs/
m.theepochtimes.com,https://m.theepochtimes.com/mkt_breakingnews/judge-pauses-chicago-vaccine-mandate-deadline-for-police_4080960.html?utm_source=News&utm_medium=email&utm_campaign=breaking-2021-11-02-1&mktids=0279d4d0c41378b75c2d8bb7535ad5a0&est=9SLeRm4KjJwZs%2BG0L3FusgVf7%2BYzs%2B4MOf2LljWlExp4bJHNtRfO7ne36otEsH36VgrPcG8%3D,https://www.theepochtimes.com/mkt_breakingnews/judge-pauses-chicago-vaccine-mandate-deadline-for-police_4080960.html?utm_source=News&utm_medium=email&utm_campaign=breaking-2021-11-02-1&mktids=0279d4d0c41378b75c2d8bb7535ad5a0&est=9SLeRm4KjJwZs%2BG0L3FusgVf7%2BYzs%2B4MOf2LljWlExp4bJHNtRfO7ne36otEsH36VgrPcG8%3D
www.pattyporter.net,https://www.pattyporter.net/?wix-vod-comp-id=comp-kqcru8rg,https://www.pattyporter.net/?wix-vod-comp-id=comp-kqcru8rg
rumble.com,https://rumble.com/vop237-winsome-sears-makes-history-as-first-lieutenant-governor-woman-of-colour-in.html,https://rumble.com/vrb873-they-call-me-ishmael-by-john-d.-kuhns.html
independentside.com,https://independentside.com/dr-robert-malone-on-dr-fauci-tony-has-no-integrity-he-lies-all-the-time-its-tony-video/,https://independentside.com/dr-robert-malone-on-dr-fauci-tony-has-no-integrity-he-lies-all-the-time-its-tony-video/
www.bradblog.com,https://www.bradblog.com/?p=1839,https://www.bradblog.com/?p=1839
technofog.substack.com,https://technofog.substack.com/p/is-the-fda-about-to-approve-an-experimental,https://technofog.substack.com/p/is-the-fda-about-to-approve-an-experimental
youtu.be,https://youtu.be/pzEucdnW7vQ,https://www.youtube.com/watch?v=pzEucdnW7vQ&feature=youtu.be
alexberenson.substack.com,https://alexberenson.substack.com/p/vaccinated-english-adults-under-60?r=m7jq6&fbclid=IwAR3CkfYQ66OtnZeQibsm21tgFjZpMmOZpLX3gsmC3JhQMMVfADgksHjyCLA,https://alexberenson.substack.com/p/vaccinated-english-adults-under-60?r=m7jq6&fbclid=IwAR3CkfYQ66OtnZeQibsm21tgFjZpMmOZpLX3gsmC3JhQMMVfADgksHjyCLA
t.me,http://t.me/covidtruthnet,https://t.me/covidtruthnet
gettr.com,https://gettr.com/post/pqjs5r5c6e,https://gettr.com/post/pqjs5r5c6e
www.theguardian.com,https://www.theguardian.com/world/2022/feb/20/canadian-police-ottawa-truckers-protest,https://www.theguardian.com/world/2022/feb/20/canadian-police-ottawa-truckers-protest
rumble.com,https://rumble.com/vq4uhv-nigerian-osundairo-brothers-testify-against-smollett-for-orchestrating-hate.html?mref=6zof&mc=dgip3&utm_source=newsletter&utm_medium=email&utm_campaign=The+Gateway+Pundit&ep=1,https://rumble.com/vq4uhv-nigerian-osundairo-brothers-testify-against-smollett-for-orchestrating-hate.html?mref=6zof&mc=dgip3&utm_source=newsletter&utm_medium=email&utm_campaign=The+Gateway+Pundit&ep=1
apne.ws,http://apne.ws/oKuGhDl,https://apnews.com/article/russia-ukraine-ian-kelly-europe-moscow-russia-4bf5d42906c582c36972b076e73c430f?utm_source=Twitter&utm_campaign=SocialFlow&utm_medium=AP
t.me,https://t.me/TruckersForFreedomGlobal,https://t.me/TruckersForFreedomGlobal
gettr.com,https://gettr.com/post/pttb0te4d2,https://gettr.com/post/pttb0te4d2
nypost.com,https://nypost.com/2021/10/28/florida-gov-ron-desantis-has-shown-how-to-handle-covid-19/,https://nypost.com/2021/10/28/florida-gov-ron-desantis-has-shown-how-to-handle-covid-19/
gettr.com,https://gettr.com/post/prqwi007f5,https://gettr.com/post/prqwi007f5
www.reuters.com,https://www.reuters.com/business/healthcare-pharmaceuticals/ireland-set-rapidly-drop-almost-all-covid-19-restrictions-2022-01-21/,https://www.reuters.com/business/healthcare-pharmaceuticals/ireland-set-rapidly-drop-almost-all-covid-19-restrictions-2022-01-21/
www.newyorker.com,https://www.newyorker.com/news/daily-comment/russia-and-china-unveil-a-pact-against-america-and-the-west,https://www.newyorker.com/news/daily-comment/russia-and-china-unveil-a-pact-against-america-and-the-west
rumble.com,https://rumble.com/vtcsd0-rand-paul-goes-off-on-fda-discontinuing-monoclonal-antibodies.html,https://rumble.com/vtcsd0-rand-paul-goes-off-on-fda-discontinuing-monoclonal-antibodies.html
stevekirsch.substack.com,https://stevekirsch.substack.com/p/intracranial-infection-cases-up-60,https://stevekirsch.substack.com/p/intracranial-infection-cases-up-60
technofog.substack.com,https://technofog.substack.com/p/its-official-durham-is-investigating,https://technofog.substack.com/p/its-official-durham-is-investigating
publicinterestlegal.org,https://publicinterestlegal.org/press/report-tens-of-thousands-of-deceased-and-duplicative-voter-registrations-found-after-2020-election-in-north-carolina/,https://publicinterestlegal.org/press/report-tens-of-thousands-of-deceased-and-duplicative-voter-registrations-found-after-2020-election-in-north-carolina/
rumble.com,https://rumble.com/vxyco3-this-is-big-brnovich-might-actually-criminally-prosecute-sos-katie-hobbs.html,https://rumble.com/vxyco3-this-is-big-brnovich-might-actually-criminally-prosecute-sos-katie-hobbs.html
www.therenewal2022.org,https://www.therenewal2022.org/live,https://www.therenewal2022.org/live
telegra.ph,https://telegra.ph/file/644aa032ea07390098704.jpg,https://telegra.ph/file/644aa032ea07390098704.jpg
t.me,https://t.me/ThePrisonersRecord/2210,https://t.me/ThePrisonersRecord/2210
gettr.com,https://gettr.com/post/psp7vdefd1,https://gettr.com/post/psp7vdefd1
rumble.com,https://rumble.com/vtckss-speech-delays-have-increased-364-in-children-since-the-pandemic-began.html,https://rumble.com/vtckss-speech-delays-have-increased-364-in-children-since-the-pandemic-began.html
tinyurl.com,http://tinyurl.com/4zya7ceb,https://beckernews.com/new-the-lancet-publishes-highly-acclaimed-medical-profs-warning-that-natural-immunity-has-made-vaccine-mandates-irrelevant-44156/
gettr.com,https://gettr.com/user/plandemicseries,https://gettr.com/user/plandemicseries
alexberenson.substack.com,https://alexberenson.substack.com/p/european-drug-regulators-abruptly/comments,https://alexberenson.substack.com/p/european-drug-regulators-abruptly/comments
rumble.com,https://rumble.com/vlo53d-political-prisoner-the-couy-griffin-story.html,https://rumble.com/vlo53d-political-prisoner-the-couy-griffin-story.html
youtu.be,https://youtu.be/E7tF4jVB7Ms,https://www.youtube.com/watch?v=E7tF4jVB7Ms&feature=youtu.be
www.americaoutloud.com,https://www.americaoutloud.com/covid-19-vaccine-induce-disease-emerges-as-leading-public-health-threat/,https://www.americaoutloud.com/covid-19-vaccine-induce-disease-emerges-as-leading-public-health-threat/
kanekoa.substack.com,https://kanekoa.substack.com/p/wisconsins-voting-machines-were-connected?s=w,https://kanekoa.substack.com/p/wisconsins-voting-machines-were-connected?s=w
nypost.com,https://nypost.com/2022/04/06/heres-a-dozen-times-joe-biden-played-a-role-in-hunters-deals/,https://nypost.com/2022/04/06/heres-a-dozen-times-joe-biden-played-a-role-in-hunters-deals/
rumble.com,https://rumble.com/vv50uq-update-from-defendingtherepublic.org.html,https://rumble.com/vv50uq-update-from-defendingtherepublic.org.html
m.theepochtimes.com,https://m.theepochtimes.com/mkt_breakingnews/regulator-investigating-moderna-vaccine-over-rare-but-serious-blood-condition_4099180.html?utm_source=News&utm_medium=email&utm_campaign=breaking-2021-11-11-3&mktids=22010636cd8815059155ab47be17e181&est=8Aaj786NwSrWZhwqlPsbp5GvMlh3aYbA4wqQkFlwKdXI0y8h%2BN2JpYJu8YFStdkX8hqI7Z8%3D,https://www.theepochtimes.com/mkt_breakingnews/regulator-investigating-moderna-vaccine-over-rare-but-serious-blood-condition_4099180.html?utm_source=News&utm_medium=email&utm_campaign=breaking-2021-11-11-3&mktids=22010636cd8815059155ab47be17e181&est=8Aaj786NwSrWZhwqlPsbp5GvMlh3aYbA4wqQkFlwKdXI0y8h%2BN2JpYJu8YFStdkX8hqI7Z8%3D
tinyurl.com,http://tinyurl.com/yfvnhp6y,https://beckernews.com/cnn-confirms-trump-phone-call-gap-of-missing-7-hours-on-jan-6-turns-out-to-be-a-hoax-44628/
rumble.com,https://rumble.com/vqge94-gop-report-on-unusually-cruel-treatment-of-jan.-6-protesters-in-d.c.-jail.html,https://rumble.com/vqge94-gop-report-on-unusually-cruel-treatment-of-jan.-6-protesters-in-d.c.-jail.html
rumble.com,https://rumble.com/vqpwng-dr.-malone-before-you-inject-your-child.html,https://rumble.com/vqpwng-dr.-malone-before-you-inject-your-child.html
youtu.be,https://youtu.be/9vUUHFCTRjw,https://www.youtube.com/watch?v=9vUUHFCTRjw&feature=youtu.be
independentside.com,https://independentside.com/india-no-covid-19-cases-in-24-hours-after-implementing-ivermectin-protocol/,https://independentside.com/india-no-covid-19-cases-in-24-hours-after-implementing-ivermectin-protocol/
rumble.com,https://rumble.com/vp54vy-laundry-5th-circuit-freeze-on-biden-vaccine-mandate-is-national-freeze.html,https://rumble.com/vp54vy-laundry-5th-circuit-freeze-on-biden-vaccine-mandate-is-national-freeze.html
m.theepochtimes.com,https://m.theepochtimes.com/mkt_breakingnews/business-lobby-files-court-notice-over-bidens-vaccine-mandate-bullying-of-small-business-owners_4115102.html?utm_source=News&utm_medium=email&utm_campaign=breaking-2021-11-20-2&mktids=700ba2d53ecf68f3be3f2d137d3f32ef&est=jh52AO2Mz3Oi4tC8jT71kqe6UmTZaQEDSJmGrBXDdIVBH4sI%2BGujubNRSKqOHRrb0fxEWSc%3D,https://www.theepochtimes.com/mkt_breakingnews/business-lobby-files-court-notice-over-bidens-vaccine-mandate-bullying-of-small-business-owners_4115102.html?utm_source=News&utm_medium=email&utm_campaign=breaking-2021-11-20-2&mktids=700ba2d53ecf68f3be3f2d137d3f32ef&est=jh52AO2Mz3Oi4tC8jT71kqe6UmTZaQEDSJmGrBXDdIVBH4sI%2BGujubNRSKqOHRrb0fxEWSc%3D
rumble.com,https://rumble.com/vvmly6-flashback-trump-exposes-nato-for-paying-billions-to-russia-for-energy.html,https://rumble.com/vvmly6-flashback-trump-exposes-nato-for-paying-billions-to-russia-for-energy.html
twitter.com,https://twitter.com/pfizer/status/1493238623633870850,https://twitter.com/pfizer/status/1493238623633870850
rumble.com,https://rumble.com/vvsemb-masks-science-or-political-science.html,https://rumble.com/vvsemb-masks-science-or-political-science.html
rumble.com,https://rumble.com/vse2ql-oops-i-voted-again.html,https://rumble.com/vse2ql-oops-i-voted-again.html
youtu.be,https://youtu.be/qIp9TwSEgFg,https://www.youtube.com/watch?v=qIp9TwSEgFg&feature=youtu.be
rumble.com,https://rumble.com/vqp7b9-chicago-to-sue-jussie-smollett-for-130k-for-wasting-police-resources.html,https://rumble.com/vqp7b9-chicago-to-sue-jussie-smollett-for-130k-for-wasting-police-resources.html
technofog.substack.com,https://technofog.substack.com/p/the-unstated-scandal-the-cia-collected,https://technofog.substack.com/p/the-unstated-scandal-the-cia-collected
tinyurl.com,http://tinyurl.com/2p8bdsz6,https://beckernews.com/fifth-times-the-charm-israeli-trial-shows-4th-shot-of-covid-vaccine-doesnt-stop-omicron-43780/
www.gao.gov,http://www.gao.gov/fraudnet,https://www.gao.gov/about/what-gao-does/fraud
www.espn.com,https://www.espn.com/nfl/story/_/id/33194862/brian-flores-sues-nfl-others-former-miami-dolphins-coach-alleges-racism-hiring-practices,https://www.espn.com/nfl/story/_/id/33194862/brian-flores-sues-nfl-others-former-miami-dolphins-coach-alleges-racism-hiring-practices
twitter.com,https://twitter.com/HEYDOCGAYE/status/1481971484356661258?s=20,https://twitter.com/HEYDOCGAYE/status/1481971484356661258?s=20
madison.com,https://madison.com/news/local/govt-and-politics/robin-vos-claims-widespread-fraud-but-wont-decertify-after-meeting-with-election-skeptics/article_7a0cba85-9639-5f1b-81ff-a67071422b03.html,https://madison.com/news/local/govt-and-politics/robin-vos-claims-widespread-fraud-but-wont-decertify-after-meeting-with-election-skeptics/article_7a0cba85-9639-5f1b-81ff-a67071422b03.html
www.americanlibertyemail.com,https://www.americanlibertyemail.com/articles/here-we-go-true-the-vote-delivers-the-goods-on-georgia-ballot-trafficking/,https://www.americanlibertyemail.com/articles/here-we-go-true-the-vote-delivers-the-goods-on-georgia-ballot-trafficking/
tinyurl.com,http://tinyurl.com/4d4d5t9b,https://beckernews.com/fda-suddenly-pulls-monoclonal-antibody-treatment-euas-they-are-not-a-substitute-for-vaccination-43867/
technofog.substack.com,https://technofog.substack.com/p/cdc-emails-our-definition-of-vaccine?justPublished=true,https://technofog.substack.com/p/cdc-emails-our-definition-of-vaccine?justPublished=true
www.voiceamerica.com,https://www.voiceamerica.com/episode/135186/stand-for-something-or-fall-for-anything,https://www.voiceamerica.com/episode/135186/stand-for-something-or-fall-for-anything
m.theepochtimes.com,https://m.theepochtimes.com/mkt_breakingnews/school-board-memo-reveals-timeline-of-white-house-domestic-terrorism-letter_4101015.html?utm_source=News&utm_medium=email&utm_campaign=breaking-2021-11-12-2&mktids=d9d5e31e81b94b1dbe3855b9a45047db&est=DLGNFACcjEfTj0s00FA3xV%2BMapbyME12ywYb0P0CYgz0LkGjsCf5rxrH6XY3cIx2T%2BSOjY8%3D,https://www.theepochtimes.com/mkt_breakingnews/school-board-memo-reveals-timeline-of-white-house-domestic-terrorism-letter_4101015.html?utm_source=News&utm_medium=email&utm_campaign=breaking-2021-11-12-2&mktids=d9d5e31e81b94b1dbe3855b9a45047db&est=DLGNFACcjEfTj0s00FA3xV%2BMapbyME12ywYb0P0CYgz0LkGjsCf5rxrH6XY3cIx2T%2BSOjY8%3D
tinyurl.com,http://tinyurl.com/2tk8meu9,https://beckernews.com/the-fallout-from-trudeaus-declaration-of-martial-law-begins-police-chiefs-begin-to-resign-in-protest-44145/
coachdavelive.video,https://coachdavelive.video/v/3721,https://coachdavelive.video/v/3721
m.theepochtimes.com,https://m.theepochtimes.com/mkt_breakingnews/nyc-firetruck-availability-down-to-55-percent-manpower-shortages-due-to-vaccine-mandate-ny-firefighters_4086338.html?utm_source=News&utm_medium=email&utm_campaign=breaking-2021-11-05-2&mktids=674f69ecc63380e560f788348fe2eafd&est=CBamVALLRWOS6279gWbd2x%2FHqyWgqJoPXI6rtM87LIuZgzdDF6jl4dqjJOmd9jVfL700zNg%3D,https://www.theepochtimes.com/mkt_breakingnews/nyc-firetruck-availability-down-to-55-percent-manpower-shortages-due-to-vaccine-mandate-ny-firefighters_4086338.html?utm_source=News&utm_medium=email&utm_campaign=breaking-2021-11-05-2&mktids=674f69ecc63380e560f788348fe2eafd&est=CBamVALLRWOS6279gWbd2x%2FHqyWgqJoPXI6rtM87LIuZgzdDF6jl4dqjJOmd9jVfL700zNg%3D
jimmarchant.com,https://jimmarchant.com/,https://jimmarchant.com/
rumble.com,https://rumble.com/vt5gao-dr.-peter-mccullough-full-speech-defeat-the-mandates-dc.html,https://rumble.com/vt5gao-dr.-peter-mccullough-full-speech-defeat-the-mandates-dc.html
khn.org,https://khn.org/news/article/hospital-emergency-rooms-swamped-seriously-ill-non-covid-patients/,https://khn.org/news/article/hospital-emergency-rooms-swamped-seriously-ill-non-covid-patients/
rumble.com,https://rumble.com/vop2z7-commercial-airline-pilot-develops-brain-swelling-and-can-longer-fly-followi.html,https://rumble.com/vop2z7-commercial-airline-pilot-develops-brain-swelling-and-can-longer-fly-followi.html
error:,,https://news.yahoo.com/musk-activates-starlink-internet-ukraine-023229846.html,HTTP,Error,404:,Not,Found
youtu.be,https://youtu.be/2vaQbS3HyYM,https://www.youtube.com/watch?v=2vaQbS3HyYM&feature=youtu.be
rumble.com,https://rumble.com/vrztwp-america-dont-let-them-divide-you.html,https://rumble.com/vrztwp-america-dont-let-them-divide-you.html
youtu.be,https://youtu.be/Rtajxo8d7js,https://www.youtube.com/watch?v=Rtajxo8d7js&feature=youtu.be
tinyurl.com,http://tinyurl.com/2p92wy4v,https://beckernews.com/election-fraud-deniers-will-have-a-hard-time-shrugging-off-this-never-before-seen-surveillance-video-watch-43928/
tsionizm.com,https://tsionizm.com/opinion/2022/01/12/covid-mandates-the-ultimate-cancelation-of-life/,https://tsionizm.com/opinion/2022/01/12/covid-mandates-the-ultimate-cancelation-of-life/
freeworldnews.tv,https://freeworldnews.tv/watch?id=61a8078b5894057acfc9b40f,https://freeworldnews.tv/watch?id=61a8078b5894057acfc9b40f
rumble.com,https://rumble.com/vqjt12-doctors-orders.html,https://rumble.com/vqjt12-doctors-orders.html
podcasts.apple.com,https://podcasts.apple.com/us/podcast/the-charlie-kirk-show/id1460600818?i=1000556504385,https://podcasts.apple.com/us/podcast/the-charlie-kirk-show/id1460600818?i=1000556504385
rumble.com,https://rumble.com/vt7xqo-dr-franks-tennessee-slides.html?mref=6zof&mc=dgip3&utm_source=newsletter&utm_medium=email&utm_campaign=DrFrank&ep=2,https://rumble.com/vt7xqo-dr-franks-tennessee-slides.html?mref=6zof&mc=dgip3&utm_source=newsletter&utm_medium=email&utm_campaign=DrFrank&ep=2
youtu.be,https://youtu.be/GUQm7UqF-YA,https://www.youtube.com/watch?v=GUQm7UqF-YA&feature=youtu.be
tinyurl.com,http://tinyurl.com/3t4y5xe5,https://beckernews.com/nbc-exposes-joe-biden-taking-hunter-on-china-trip-in-2013-so-he-could-meet-business-associates-44633/
rwmalonemd.substack.com,https://rwmalonemd.substack.com/p/open-letter-to-the-canadian-truckers,https://rwmalonemd.substack.com/p/open-letter-to-the-canadian-truckers
m.theepochtimes.com,https://m.theepochtimes.com/efforts-to-stop-bidens-vaccine-mandate-for-private-businesses-reach-us-supreme-court_4165564.html,https://www.theepochtimes.com/efforts-to-stop-bidens-vaccine-mandate-for-private-businesses-reach-us-supreme-court_4165564.html
tinyurl.com,http://tinyurl.com/yewtzz5a,https://beckernews.com/ny-times-sues-biden-administration-for-hunter-biden-emails-in-probe-for-corrupt-foreign-ties-43934/
rumble.com,https://rumble.com/vq0pel-nick-searcy-producer-of-capitol-punishment-acwt-interview-11.29.21.html,https://rumble.com/vq0pel-nick-searcy-producer-of-capitol-punishment-acwt-interview-11.29.21.html
m.youtube.com,https://m.youtube.com/watch?v=WadXGoP1hu4&feature=share&fbclid=IwAR3SR6fuMqCK8W16TLaU4FFRaQ1onZ-4w6_WIh8wti1ry7QX9QlNQAW76vQ,https://www.youtube.com/watch?app=desktop&v=WadXGoP1hu4&feature=share&fbclid=IwAR3SR6fuMqCK8W16TLaU4FFRaQ1onZ-4w6_WIh8wti1ry7QX9QlNQAW76vQ
m.theepochtimes.com,https://m.theepochtimes.com/mkt_breakingnews/lawyer-pr-executive-1-in-durham-indictment-is-former-democratic-party-campaigner_4088496.html?utm_source=News&utm_medium=email&utm_campaign=breaking-2021-11-05-3&mktids=a8263ec8eb88197421facc8cf19a2a89&est=NV83Qnp2J8vCrVcuqP6wu4J7kj%2BJXFBOYcllhapo%2BNLiTrZbf2c3j9C0innJjU52bMEsAWs%3D,https://www.theepochtimes.com/mkt_breakingnews/lawyer-pr-executive-1-in-durham-indictment-is-former-democratic-party-campaigner_4088496.html?utm_source=News&utm_medium=email&utm_campaign=breaking-2021-11-05-3&mktids=a8263ec8eb88197421facc8cf19a2a89&est=NV83Qnp2J8vCrVcuqP6wu4J7kj%2BJXFBOYcllhapo%2BNLiTrZbf2c3j9C0innJjU52bMEsAWs%3D
www.americaoutloud.com,https://www.americaoutloud.com/your-fertility-and-the-covid-shot-laying-the-groundwork/,https://www.americaoutloud.com/your-fertility-and-the-covid-shot-laying-the-groundwork/
robertspencer.org,https://robertspencer.org/2022/03/capitol-police-funding-went-from-375000000-to-602000000,https://robertspencer.org/2022/03/capitol-police-funding-went-from-375000000-to-602000000
dossier.substack.com,https://dossier.substack.com/p/bait-and-switch-there-remains-no,https://dossier.substack.com/p/bait-and-switch-there-remains-no
error:,,https://www.goddeketal.com/individual-responsibility/,<urlopen,error,[SSL:,CERTIFICATE_VERIFY_FAILED],certificate,verify,failed:,certificate,has,expired,(_ssl.c:1091)>
www.dailymail.co.uk,https://www.dailymail.co.uk/news/article-10465061/Hunter-Biden-tried-broker-oil-deal-Chinese-firm-ex-Kazakh-prime-minister-emails-show.html,https://www.dailymail.co.uk/news/article-10465061/Hunter-Biden-tried-broker-oil-deal-Chinese-firm-ex-Kazakh-prime-minister-emails-show.html
m.theepochtimes.com,https://m.theepochtimes.com/mkt_breakingnews/fbi-whistleblower-claims-doj-used-counterterrorism-tools-against-parents-republicans_4108044.html?utm_source=News&utm_medium=email&utm_campaign=breaking-2021-11-16-3&mktids=19b71a18688f3b135db9068295caff6c&est=crnYDEoNG6t2App7toEUYdt0bsaeTIxOFlzVOhdcPRgE1UmpeyTN982YkzXHqJUEW5TVSvk%3D,https://www.theepochtimes.com/mkt_breakingnews/fbi-whistleblower-claims-doj-used-counterterrorism-tools-against-parents-republicans_4108044.html?utm_source=News&utm_medium=email&utm_campaign=breaking-2021-11-16-3&mktids=19b71a18688f3b135db9068295caff6c&est=crnYDEoNG6t2App7toEUYdt0bsaeTIxOFlzVOhdcPRgE1UmpeyTN982YkzXHqJUEW5TVSvk%3D
rumble.com,https://rumble.com/vopr87-sidney-powell-acwt-interview-11.3.21.html,https://rumble.com/vopr87-sidney-powell-acwt-interview-11.3.21.html
t.me,https://t.me/PeterMcCulloughMD,https://t.me/PeterMcCulloughMD
fightbacklaw.pidoxapay.com,https://fightbacklaw.pidoxapay.com/nmaudit,https://fightbacklaw.pidoxapay.com/nmaudit
tinyurl.com,http://tinyurl.com/y2587zsu,https://beckernews.com/breaking-fbi-mystery-man-ray-epps-is-now-set-to-testify-before-pelosis-partisan-jan-6-committee-43789/
thekylebecker.substack.com,https://thekylebecker.substack.com/p/new-uk-reports-back-up-cdcs-findings,https://thekylebecker.substack.com/p/new-uk-reports-back-up-cdcs-findings
technofog.substack.com,https://technofog.substack.com/p/special-counsel-durham-found-the,https://technofog.substack.com/p/special-counsel-durham-found-the
rumble.com,https://rumble.com/vz8y8z-episode-1750-the-case-against-judge-jackson-sen.-graham-no-on-confirmation.html,https://rumble.com/vz8y8z-episode-1750-the-case-against-judge-jackson-sen.-graham-no-on-confirmation.html
youtu.be,https://youtu.be/fVRzd5emvE8,https://www.youtube.com/watch?v=fVRzd5emvE8&feature=youtu.be
rumble.com,https://rumble.com/vre678-dr-sucharit-bhakdi-organs-of-dead-vaccinated-proves-auto-immune-attack.html,https://rumble.com/vre678-dr-sucharit-bhakdi-organs-of-dead-vaccinated-proves-auto-immune-attack.html
mobile.twitter.com,https://mobile.twitter.com/melcasebee/status/1492241106364477445,https://mobile.twitter.com/melcasebee/status/1492241106364477445
florida4america.org,https://florida4america.org/portal/vlookup,https://fl.the-peoples-audit.org/
youtu.be,https://youtu.be/EdytPRjeyjk,https://www.youtube.com/watch?v=EdytPRjeyjk&feature=youtu.be
rumble.com,https://rumble.com/vrtq8n-big-pharma-lies-exposed-sidney-powell.html,https://rumble.com/vrtq8n-big-pharma-lies-exposed-sidney-powell.html
taskandpurpose.com,https://taskandpurpose.com/news/air-force-colonel-relieved-refuse-covid-vaccine/,https://taskandpurpose.com/news/air-force-colonel-relieved-refuse-covid-vaccine/
rumble.com,https://rumble.com/vrl3i9-fbi-gets-exposed-for-their-involvement-and-entrapment-in-governor-whitmer-k.html,https://rumble.com/vrl3i9-fbi-gets-exposed-for-their-involvement-and-entrapment-in-governor-whitmer-k.html
rumble.com,https://rumble.com/vsbtzq-documentary-i-am-not-misinformation-covid-19-vaccine-adverse-events.html,https://rumble.com/vsbtzq-documentary-i-am-not-misinformation-covid-19-vaccine-adverse-events.html
rumble.com,https://rumble.com/vww8o7-this-scientific-study-finds-how-deeply-flawed-election-signature-verificati.html,https://rumble.com/vww8o7-this-scientific-study-finds-how-deeply-flawed-election-signature-verificati.html
www.worldviewweekend.com,https://www.worldviewweekend.com/news/article/rfk-jr-cia-led-military-response-pandemic-was-meant-drive-democracy-world-and-usher,https://www.worldviewweekend.com/news/article/rfk-jr-cia-led-military-response-pandemic-was-meant-drive-democracy-world-and-usher
phmpt.org,https://phmpt.org/wp-content/uploads/2021/11/5.3.6-postmarketing-experience.pdf,https://phmpt.org/wp-content/uploads/2021/11/5.3.6-postmarketing-experience.pdf
alexberenson.substack.com,https://alexberenson.substack.com/p/sounds-like-the-nyt-is-telling-its?token=eyJ1c2VyX2lkIjoxNTQ5MzgyMCwicG9zdF9pZCI6NDY3Njg0NTksIl8iOiJrcnBibSIsImlhdCI6MTY0MTU4MTkyMSwiZXhwIjoxNjQxNTg1NTIxLCJpc3MiOiJwdWItMzYzMDgwIiwic3ViIjoicG9zdC1yZWFjdGlvbiJ9.3xmeeIyxRrzTnz8BnJC3po7TDJD6JzXAgUJnXo5AJ7g,https://alexberenson.substack.com/p/sounds-like-the-nyt-is-telling-its?token=eyJ1c2VyX2lkIjoxNTQ5MzgyMCwicG9zdF9pZCI6NDY3Njg0NTksIl8iOiJrcnBibSIsImlhdCI6MTY0MTU4MTkyMSwiZXhwIjoxNjQxNTg1NTIxLCJpc3MiOiJwdWItMzYzMDgwIiwic3ViIjoicG9zdC1yZWFjdGlvbiJ9.3xmeeIyxRrzTnz8BnJC3po7TDJD6JzXAgUJnXo5AJ7g
rumble.com,https://rumble.com/vva131-tow-truckers-arrived-in-ottawa-but-instead-of-towing-the-truckers-they-join.html,https://rumble.com/vva131-tow-truckers-arrived-in-ottawa-but-instead-of-towing-the-truckers-they-join.html
t.co,https://t.co/asweiZ7zFL,https://twitter.com/4Patrick7/status/1464619334861344768/video/1
stevekirsch.substack.com,https://stevekirsch.substack.com/p/unprecedented-deaths-in-indiana-for,https://stevekirsch.substack.com/p/unprecedented-deaths-in-indiana-for
conservativechange.org,https://conservativechange.org/petition/power-back-to-the-voter/,https://conservativechange.org/petition/power-back-to-the-voter/
www.mielectionprotection.com,https://www.mielectionprotection.com/,https://www.mielectionprotection.com/
www.dailymail.co.uk,https://www.dailymail.co.uk/news/article-10259683/Media-coalition-files-legal-brief-JOINING-Bannons-fight-against-DOJ-protective-order.html?ito=native_share_article-masthead,https://www.dailymail.co.uk/news/article-10259683/Media-coalition-files-legal-brief-JOINING-Bannons-fight-against-DOJ-protective-order.html?ito=native_share_article-masthead
globalcovidsummit.org,https://globalcovidsummit.org/news/physicians-and-medical-scientists-declare-covid-national-emergency-over,https://globalcovidsummit.org/news/physicians-and-medical-scientists-declare-covid-national-emergency-over
rumble.com,https://rumble.com/vydfsy-peter-schweizer-on-hunter-bidens-grand-jury-money-laundering-charges-and-ch.html,https://rumble.com/vydfsy-peter-schweizer-on-hunter-bidens-grand-jury-money-laundering-charges-and-ch.html
twitter.com,https://twitter.com/trump4_america/status/1478721833679663106?s=20,https://twitter.com/trump4_america/status/1478721833679663106?s=20
letsfixstuff.org,https://letsfixstuff.org/2022/03/lets-audit-the-mi-auditor-general-report-on-elections/,https://letsfixstuff.org/2022/03/lets-audit-the-mi-auditor-general-report-on-elections/
tinyurl.com,http://tinyurl.com/2f7weeta,https://beckernews.com/ny-judge-strikes-down-mayor-adams-arbitrary-capricious-and-unreasonable-mask-mandate-for-toddlers-44636/
www.chicagotribune.com,https://www.chicagotribune.com/news/breaking/ct-ivermectin-edward-hospital-lawsuit-covid-20211110-yjzbvdiltzfuzil4q5g2mfjglq-story.html,https://www.chicagotribune.com/news/breaking/ct-ivermectin-edward-hospital-lawsuit-covid-20211110-yjzbvdiltzfuzil4q5g2mfjglq-story.html
www.news-leader.com,https://www.news-leader.com/story/news/politics/2021/11/29/vaccine-mandate-health-care-workers-missouri-blocked-judge-eric-schmitt-lawsuit/8795957002/,https://www.news-leader.com/story/news/politics/2021/11/29/vaccine-mandate-health-care-workers-missouri-blocked-judge-eric-schmitt-lawsuit/8795957002/
gettr.com,https://gettr.com/user/dtrorg,https://gettr.com/user/dtrorg
rumble.com,https://rumble.com/votd5h-dear-3m.html,https://rumble.com/votd5h-dear-3m.html
rumble.com,https://rumble.com/vvynh1-the-central-tabulator.html,https://rumble.com/vvynh1-the-central-tabulator.html
www.google.com,https://www.google.com/amp/s/thehill.com/homenews/senate/596775-senate-gop-passes-resolution-to-nix-covid-19-emergency%3Famp,https://thehill.com/homenews/senate/596775-senate-gop-passes-resolution-to-nix-covid-19-emergency/
rumble.com,https://rumble.com/vs01bl-viewpoint-with-sidney-powell-and-dr.-peter-mccullough.html,https://rumble.com/vs01bl-viewpoint-with-sidney-powell-and-dr.-peter-mccullough.html
kanekoa.substack.com,https://kanekoa.substack.com/p/110-articles-affirm-americas-computerized?s=w,https://kanekoa.substack.com/p/110-articles-affirm-americas-computerized?s=w
voterga.org,https://voterga.org/wp-content/uploads/2022/03/Press-Release-VoterGA-2020-Fulton-Election-Results-Manipulated-03-07-22.pdf,https://voterga.org/wp-content/uploads/2022/03/Press-Release-VoterGA-2020-Fulton-Election-Results-Manipulated-03-07-22.pdf
t.me,https://t.me/VigilantFox/3339,https://t.me/VigilantFox/3339
m.theepochtimes.com,https://m.theepochtimes.com/mkt_breakingnews/doj-inspector-general-says-justice-department-must-address-concerns-about-politicization_4109873.html?utm_source=News&utm_medium=email&utm_campaign=breaking-2021-11-17-3&mktids=d35d8fbbb78ed06b2196c19bad19302d&est=Y%2BvORW9Nq9F5QYCA78LxNFTXvmPdD3N2f8dPf8FsJx198CGPwJA%2B6EhM5h1IVc8N84WOatY%3D,https://www.theepochtimes.com/mkt_breakingnews/doj-inspector-general-says-justice-department-must-address-concerns-about-politicization_4109873.html?utm_source=News&utm_medium=email&utm_campaign=breaking-2021-11-17-3&mktids=d35d8fbbb78ed06b2196c19bad19302d&est=Y%2BvORW9Nq9F5QYCA78LxNFTXvmPdD3N2f8dPf8FsJx198CGPwJA%2B6EhM5h1IVc8N84WOatY%3D
rumble.com,https://rumble.com/vqc4kw-pearl-harbor-a-day-that-lives-in-infamy.html,https://rumble.com/vqc4kw-pearl-harbor-a-day-that-lives-in-infamy.html
americacanwetalk.org,https://americacanwetalk.org/sundance-think-carefully-about-accepting-the-concept-of-vaccine-passports/,https://americacanwetalk.org/sundance-think-carefully-about-accepting-the-concept-of-vaccine-passports/
www.wkbw.com,https://www.wkbw.com/news/state-news/new-york-state-supreme-court-judge-rules-gov-hochuls-mask-mandate-unconstitutional,https://www.wkbw.com/news/state-news/new-york-state-supreme-court-judge-rules-gov-hochuls-mask-mandate-unconstitutional
lc.org,https://lc.org/newsroom/details/112221-military-under-a-microscope-and-federal-employees-entitled-to-religious-exemption-1,https://lc.org/newsroom/details/112221-military-under-a-microscope-and-federal-employees-entitled-to-religious-exemption-1
abcnews.go.com,https://abcnews.go.com/WNT/video/intelligence-bulletin-reveals-potential-plot-disrupt-us-electrical-80961140,https://abcnews.go.com/WNT/video/intelligence-bulletin-reveals-potential-plot-disrupt-us-electrical-80961140
apne.ws,http://apne.ws/XAGKkj6,https://apnews.com/article/whitmer-kidnap-plot-trial-adam-fox-gretchen-whitmer-grand-rapids-michigan-d77fd078c408f21fa644b4da6cd47d33?utm_medium=AP&utm_source=Twitter&utm_campaign=SocialFlow
rumble.com,https://rumble.com/vv4ts2-election-integrity-presentation-by-patrick-colbeck.html,https://rumble.com/vv4ts2-election-integrity-presentation-by-patrick-colbeck.html
rumble.com,https://rumble.com/vqu5n8-you-are-not-alone.html,https://rumble.com/vqu5n8-you-are-not-alone.html
error:,,https://www.americaoutloud.com/krikorian-powell-mccullough-shaffer/,HTTP,Error,403:,Forbidden
twitter.com,https://twitter.com/alohafreedomco/status/1476259258106740739?s=20,https://twitter.com/alohafreedomco/status/1476259258106740739?s=20
rumble.com,https://rumble.com/vve1qv-dr.-peter-mccullough-exposes-the-truth-about-covid-vaccines-testifies-at-te.html,https://rumble.com/vve1qv-dr.-peter-mccullough-exposes-the-truth-about-covid-vaccines-testifies-at-te.html
rumble.com,https://rumble.com/vr9h9l-footage-reveals-dc-capitol-police-opening-doors-for-citizens-on-jan-6th.html,https://rumble.com/vr9h9l-footage-reveals-dc-capitol-police-opening-doors-for-citizens-on-jan-6th.html
rumble.com,https://rumble.com/vtetpm-enough.html,https://rumble.com/vtetpm-enough.html
rumble.com,https://rumble.com/vvyq9l-the-code.html,https://rumble.com/vvyq9l-the-code.html
t.me,https://t.me/VigilantFox/3771,https://t.me/VigilantFox/3771
resistthemainstream.org,https://resistthemainstream.org/watch-doocy-presses-psaki-on-video-of-pelosi-kissing-biden-despite-wh-claims-that-they-were-not-in-close-contact/,https://resistthemainstream.org/watch-doocy-presses-psaki-on-video-of-pelosi-kissing-biden-despite-wh-claims-that-they-were-not-in-close-contact/
thehill.com,https://thehill.com/policy/healthcare/580403-appeals-court-stays-biden-vaccine-mandate-for-businesses,https://thehill.com/policy/healthcare/580403-appeals-court-stays-biden-vaccine-mandate-for-businesses/
lc.org,https://lc.org/newsroom/details/032922-tx-court-grants-navy-class-certification-protection-from-shot-mandate-1,https://lc.org/newsroom/details/032922-tx-court-grants-navy-class-certification-protection-from-shot-mandate-1
www.axios.com,https://www.axios.com/trump-election-lawyers-disbar-5c2b9252-d15d-495f-a759-2446d9fa62e8.html,https://www.axios.com/trump-election-lawyers-disbar-5c2b9252-d15d-495f-a759-2446d9fa62e8.html
youtu.be,https://youtu.be/N23pYH18xGs,https://www.youtube.com/watch?v=N23pYH18xGs&feature=youtu.be
tsarizm.com,https://tsarizm.com/news/eastern-europe/2022/03/12/vanished-ukrainian-press-article-what-do-secret-us-biological-laboratories-do-in-ukraine/,https://tsarizm.com/news/eastern-europe/2022/03/12/vanished-ukrainian-press-article-what-do-secret-us-biological-laboratories-do-in-ukraine/
technofog.substack.com,https://technofog.substack.com/p/new-documents-reveal-early-beliefs,https://technofog.substack.com/p/new-documents-reveal-early-beliefs
twitter.com,https://twitter.com/wangming77777/status/1475657561588174852?s=20,https://twitter.com/wangming77777/status/1475657561588174852?s=20
m.theepochtimes.com,https://m.theepochtimes.com/mkt_breakingnews/senior-nih-doctor-pushes-back-on-covid-19-vaccine-mandates_4095305.html?utm_source=News&utm_medium=email&utm_campaign=breaking-2021-11-09-3&mktids=60b96f2d0dda8a740f2d1d9a248b15e0&est=plL1CBuSwv3KAQbvyAVuFn37W7oaM57WkHgwAt9V40KwH9toMaop3%2Fh1JqlwTL%2FyOez3R74%3D,https://www.theepochtimes.com/mkt_breakingnews/senior-nih-doctor-pushes-back-on-covid-19-vaccine-mandates_4095305.html?utm_source=News&utm_medium=email&utm_campaign=breaking-2021-11-09-3&mktids=60b96f2d0dda8a740f2d1d9a248b15e0&est=plL1CBuSwv3KAQbvyAVuFn37W7oaM57WkHgwAt9V40KwH9toMaop3%2Fh1JqlwTL%2FyOez3R74%3D
www.medrxiv.org,https://www.medrxiv.org/content/10.1101/2021.12.23.21268276v1.full,https://www.medrxiv.org/content/10.1101/2021.12.23.21268276v1.full
rwmalonemd.substack.com,https://rwmalonemd.substack.com/p/omicron-has-cracked-open-the-overton?r=ta0o1&utm_campaign=post&utm_medium=web,https://rwmalonemd.substack.com/p/omicron-has-cracked-open-the-overton?r=ta0o1&utm_campaign=post&utm_medium=web
rumble.com,https://rumble.com/vs0rxp-the-world-is-watching.html,https://rumble.com/vs0rxp-the-world-is-watching.html
media.babylonbee.com,https://media.babylonbee.com/articles/article-10000-1.jpg,https://media.babylonbee.com/articles/article-10000-1.jpg
dailynewsbreak.org,https://dailynewsbreak.org/head-of-the-chemnitz-clinic-commits-suicide-covid-19-vaccine-is-genocide/,https://dailynewsbreak.org/head-of-the-chemnitz-clinic-commits-suicide-covid-19-vaccine-is-genocide/
rumble.com,https://rumble.com/vqdzk8-all-jan-6-footage-needs-to-be-released-says-rep.-goehmert.html,https://rumble.com/vqdzk8-all-jan-6-footage-needs-to-be-released-says-rep.-goehmert.html
youtube.com,https://youtube.com/watch?v=BPNmnZXQ8wg&feature=share,https://www.youtube.com/watch?v=BPNmnZXQ8wg&feature=share
gettr.com,https://gettr.com/user/sidneypowell,https://gettr.com/user/sidneypowell
technofog.substack.com,https://technofog.substack.com/p/the-ghislaine-maxwell-trial,https://technofog.substack.com/p/the-ghislaine-maxwell-trial
tinyurl.com,http://tinyurl.com/2s4jatp5,https://beckernews.com/33-slash-the-tires-empty-the-gas-tanks-cnn-analyst-calls-for-violence-against-canadian-protest-convoy-mm-44082/
rumble.com,https://rumble.com/vqx29c-renewing-americas-covenant-and-waking-up-from-mass-hypnosis-msom-ep.-397.html,https://rumble.com/vqx29c-renewing-americas-covenant-and-waking-up-from-mass-hypnosis-msom-ep.-397.html
futurenews.news,https://futurenews.news/watch?id=61fdc995bda3800452367f38,https://futurenews.news/watch?id=61fdc995bda3800452367f38
rwmalonemd.substack.com,https://rwmalonemd.substack.com/p/human-augmentation-the-dawn-of-a?token=eyJ1c2VyX2lkIjoyNjQ2NTI5MCwicG9zdF9pZCI6NDc1NTYxMjQsIl8iOiIwZkEvYSIsImlhdCI6MTY0MzE0MDA4OSwiZXhwIjoxNjQzMTQzNjg5LCJpc3MiOiJwdWItNTgzMjAwIiwic3ViIjoicG9zdC1yZWFjdGlvbiJ9.b9hEGEBZE5tdYw5EFz7ad4anCHlAbCExZue6BsTA_mI,https://rwmalonemd.substack.com/p/human-augmentation-the-dawn-of-a?token=eyJ1c2VyX2lkIjoyNjQ2NTI5MCwicG9zdF9pZCI6NDc1NTYxMjQsIl8iOiIwZkEvYSIsImlhdCI6MTY0MzE0MDA4OSwiZXhwIjoxNjQzMTQzNjg5LCJpc3MiOiJwdWItNTgzMjAwIiwic3ViIjoicG9zdC1yZWFjdGlvbiJ9.b9hEGEBZE5tdYw5EFz7ad4anCHlAbCExZue6BsTA_mI
rumble.com,https://rumble.com/vsdlkl-fauci-docs-premeditated-manslaughter-of-millions-of-people-coordinated-at-t.html,https://rumble.com/vsdlkl-fauci-docs-premeditated-manslaughter-of-millions-of-people-coordinated-at-t.html
starfirecodes.substack.com,https://starfirecodes.substack.com/p/bricks-in-kenosha-again-pay-no-attention,https://starfirecodes.substack.com/p/bricks-in-kenosha-again-pay-no-attention
www.youtube.com,https://www.youtube.com/watch?v=wJO4rBAWEho,https://www.youtube.com/watch?v=wJO4rBAWEho
gettr.com,https://gettr.com/post/prvqwj34e2,https://gettr.com/post/prvqwj34e2
tinyurl.com,http://tinyurl.com/ybvwkmt3,https://beckernews.com/33-update-ottawa-police-move-in-on-freedom-truckers-begin-mass-arrests-of-peaceful-protesters-44020/
tinyurl.com,http://tinyurl.com/mr3htn2b,https://beckernews.com/22-harvard-study-explodes-myths-about-vaccines-stopping-the-spread-but-its-even-worse-than-that-43431/
greenwald.substack.com,https://greenwald.substack.com/p/congresss-16-committee-claims-absolute?token=eyJ1c2VyX2lkIjoxNTQ5MzgyMCwicG9zdF9pZCI6NDcyNTA0ODcsIl8iOiIzZHl1VyIsImlhdCI6MTY0MjcwODY0MCwiZXhwIjoxNjQyNzEyMjQwLCJpc3MiOiJwdWItMTI4NjYyIiwic3ViIjoicG9zdC1yZWFjdGlvbiJ9.gittgAuNSFDjF8huLuD2wuSP498Bq4_TiZC23usBikk,https://greenwald.substack.com/p/congresss-16-committee-claims-absolute?token=eyJ1c2VyX2lkIjoxNTQ5MzgyMCwicG9zdF9pZCI6NDcyNTA0ODcsIl8iOiIzZHl1VyIsImlhdCI6MTY0MjcwODY0MCwiZXhwIjoxNjQyNzEyMjQwLCJpc3MiOiJwdWItMTI4NjYyIiwic3ViIjoicG9zdC1yZWFjdGlvbiJ9.gittgAuNSFDjF8huLuD2wuSP498Bq4_TiZC23usBikk
t.co,https://t.co/TCTCWw5LIH,https://amgreatness.com/2022/01/17/more-trouble-for-the-fbi-in-the-whitmer-kidnapping-case/
youtu.be,https://youtu.be/0g_-UW0_6_Y,https://www.youtube.com/watch?v=0g_-UW0_6_Y&feature=youtu.be
t.co,https://t.co/mEKmk84nw7,https://twitter.com/RogaJolly/status/1472332331407052801/video/1
rumble.com,https://rumble.com/vvyqu5-the-hack.html,https://rumble.com/vvyqu5-the-hack.html
rumble.com,https://rumble.com/vqpe6q-is-the-vaccine-safe-and-effective.html,https://rumble.com/vqpe6q-is-the-vaccine-safe-and-effective.html
rwmalonemd.substack.com,https://rwmalonemd.substack.com/p/behavioral-control?token=eyJ1c2VyX2lkIjoyNjQ2NTI5MCwicG9zdF9pZCI6NDcxNjE2ODYsIl8iOiJFNG5PbCIsImlhdCI6MTY0MjU1MTAzMSwiZXhwIjoxNjQyNTU0NjMxLCJpc3MiOiJwdWItNTgzMjAwIiwic3ViIjoicG9zdC1yZWFjdGlvbiJ9.Lq0oo49f_nmKKG2r3lZC3wzocCSzUwMKmGpwqlDPsZs,https://rwmalonemd.substack.com/p/behavioral-control?token=eyJ1c2VyX2lkIjoyNjQ2NTI5MCwicG9zdF9pZCI6NDcxNjE2ODYsIl8iOiJFNG5PbCIsImlhdCI6MTY0MjU1MTAzMSwiZXhwIjoxNjQyNTU0NjMxLCJpc3MiOiJwdWItNTgzMjAwIiwic3ViIjoicG9zdC1yZWFjdGlvbiJ9.Lq0oo49f_nmKKG2r3lZC3wzocCSzUwMKmGpwqlDPsZs
gettr.com,https://gettr.com/post/pm49jc29d5,https://gettr.com/post/pm49jc29d5
twitter.com,https://twitter.com/generalbrnovich/status/1511804128241979402?s=21&t=6IlfwO1iXNgEcMquLiLgLQ,https://twitter.com/generalbrnovich/status/1511804128241979402?s=21&t=6IlfwO1iXNgEcMquLiLgLQ
conservativebrief.com,https://conservativebrief.com/wins-2-55939/?utm_source=CB&utm_medium=ABC,https://conservativebrief.com/wins-2-55939/?utm_source=CB&utm_medium=ABC
rumble.com,https://rumble.com/vv9n3p-hillary-clinton-mobbed-in-nyc-by-lock-her-up-chant.html,https://rumble.com/vv9n3p-hillary-clinton-mobbed-in-nyc-by-lock-her-up-chant.html
rumble.com,https://rumble.com/votz24-doctors-orders-coming-soon.html,https://rumble.com/votz24-doctors-orders-coming-soon.html
technofog.substack.com,https://technofog.substack.com/p/they-washed-the-blood-off-the-streets,https://technofog.substack.com/p/they-washed-the-blood-off-the-streets
rumble.com,https://rumble.com/vtr48g-election-2020-game-announcement.html,https://rumble.com/vtr48g-election-2020-game-announcement.html
letsfixstuff.org,https://letsfixstuff.org/2022/03/bombshell-mesa-county-clerk-tina-peters-provides-evidence-of-machine-based-vote-manipulation/,https://letsfixstuff.org/2022/03/bombshell-mesa-county-clerk-tina-peters-provides-evidence-of-machine-based-vote-manipulation/
thekylebecker.substack.com,https://thekylebecker.substack.com/p/fda-suddenly-pulls-monoclonal-antibody,https://thekylebecker.substack.com/p/fda-suddenly-pulls-monoclonal-antibody
m.theepochtimes.com,https://m.theepochtimes.com/mkt_breakingnews/new-jersey-senate-president-steve-sweeney-concedes-loss-to-truck-driver_4097526.html?utm_source=News&utm_medium=email&utm_campaign=breaking-2021-11-10-2&mktids=31d83813b1a8591921854f8b4b82edf3&est=0RjA03YGCqpoADYycvhnzs9EDYFtxtwBn7U6VC5iegHpSZp%2B4JLyF3YACifJYBULOcffXlA%3D,https://www.theepochtimes.com/mkt_breakingnews/new-jersey-senate-president-steve-sweeney-concedes-loss-to-truck-driver_4097526.html?utm_source=News&utm_medium=email&utm_campaign=breaking-2021-11-10-2&mktids=31d83813b1a8591921854f8b4b82edf3&est=0RjA03YGCqpoADYycvhnzs9EDYFtxtwBn7U6VC5iegHpSZp%2B4JLyF3YACifJYBULOcffXlA%3D
twitter.com,https://twitter.com/KoaTheGreat/status/1502358212476948481,https://twitter.com/KoaTheGreat/status/1502358212476948481
rumble.com,https://rumble.com/vywv3e-hacking-americas-computerized-voting-system.html,https://rumble.com/vywv3e-hacking-americas-computerized-voting-system.html
jennycohn1.medium.com,https://jennycohn1.medium.com/the-corruption-of-americas-computerized-elections-3d5b77124ebe,https://jennycohn1.medium.com/the-corruption-of-americas-computerized-elections-3d5b77124ebe
rumble.com,https://rumble.com/vsb2l0-sidney-powell-at-the-renewal.html,https://rumble.com/vsb2l0-sidney-powell-at-the-renewal.html
rumble.com,https://rumble.com/vozjba-pfizer-criminal-history.html,https://rumble.com/vozjba-pfizer-criminal-history.html
t.co,https://t.co/UicvfC9oGS,https://twitter.com/julie_kelly2/status/1472624404697952262/photo/1
rumble.com,https://rumble.com/vp5yjz-ed-durr-repeats-hilarious-line-he-said-to-top-democrat-he-defeated.html,https://rumble.com/vp5yjz-ed-durr-repeats-hilarious-line-he-said-to-top-democrat-he-defeated.html
rumble.com,https://rumble.com/vopncr-chip-roy-obliterates-dems-plan-to-destroy-u.s.-energy-independence.html,https://rumble.com/vopncr-chip-roy-obliterates-dems-plan-to-destroy-u.s.-energy-independence.html
t.co,https://t.co/PWxhRx4uy0,https://twitter.com/Lyndonx/status/1486050696516489216/video/1
floridapolitics.com,https://floridapolitics.com/archives/476864-joe-gruters-dines-with-sydney-powell-hears-out-election-integrity-claims/,https://floridapolitics.com/archives/476864-joe-gruters-dines-with-sydney-powell-hears-out-election-integrity-claims/
tinyurl.com,http://tinyurl.com/y6nwd8jx,https://thekylebecker.substack.com/p/this-unlawful-mandate-is-now-blocked
www.highereddive.com,https://www.highereddive.com/news/georgia-legislature-passes-bill-banishing-free-speech-zones/621605/,https://www.highereddive.com/news/georgia-legislature-passes-bill-banishing-free-speech-zones/621605/
rumble.com,https://rumble.com/vqjvew-kgb-defectors-terrifying-1984-warning-to-americans-the-left-doesnt-want-you.html,https://rumble.com/vqjvew-kgb-defectors-terrifying-1984-warning-to-americans-the-left-doesnt-want-you.html
www.sidneypowell.com,https://www.sidneypowell.com/shop/p/truck-trudeau-ss,https://www.sidneypowell.com/shop/p/truck-trudeau-ss
www.foxnews.com,https://www.foxnews.com/politics/republican-national-committee-cheney-kinzinger-censure-jan-6-committee,https://www.foxnews.com/politics/republican-national-committee-cheney-kinzinger-censure-jan-6-committee
rumble.com,https://rumble.com/vsdvxc-cotton-slams-justice-department-assistant-ag-for-being-unable-to-answer-bas.html,https://rumble.com/vsdvxc-cotton-slams-justice-department-assistant-ag-for-being-unable-to-answer-bas.html
www.reuters.com,https://www.reuters.com/article/health-coronavirus-japan-kowa-idUSL1N2UB0AV,https://www.reuters.com/business/healthcare-pharmaceuticals/japans-kowa-says-ivermectin-effective-against-omicron-phase-iii-trial-2022-01-31/
rumble.com,https://rumble.com/vr4zn0-navarro-reveals-election-2020-board-game.html,https://rumble.com/vr4zn0-navarro-reveals-election-2020-board-game.html
rumble.com,https://rumble.com/vsg6ct-marilyns-story.html,https://rumble.com/vsg6ct-marilyns-story.html
www.worldviewweekend.com,https://www.worldviewweekend.com/news/article/americas-first-mom-raided-fbi-october-4th-doj-memorandum-she-fought-against-voter,https://www.worldviewweekend.com/news/article/americas-first-mom-raided-fbi-october-4th-doj-memorandum-she-fought-against-voter
rumble.com,https://rumble.com/vttpi0-australia-will-prevent-unvaccinated-parents-from-visiting-their-kids-in-the.html,https://rumble.com/vttpi0-australia-will-prevent-unvaccinated-parents-from-visiting-their-kids-in-the.html
rumble.com,https://rumble.com/vovrde-florida-covid-summit-panel-discussion-q-and-a.html,https://rumble.com/vovrde-florida-covid-summit-panel-discussion-q-and-a.html
tinyurl.com,http://tinyurl.com/yj6ca2sp,https://beckernews.com/20-minutes-of-corporate-media-lying-about-hunters-laptop-to-protect-the-biden-campaign-44443/
m.theepochtimes.com,https://m.theepochtimes.com/mkt_breakingnews/pennsylvania-department-of-health-refuses-to-provide-full-covid-19-death-data_4097040.html?utm_source=News&utm_medium=email&utm_campaign=breaking-2021-11-11-2&mktids=3700b5c6576a7bdb9aac3c7e6dec1ddf&est=2zS9%2FH13E44P4R770XHz14dR26SVBQ7mhwkGZxM9dYZikyMv%2Bb2gTdiFpro9ItMXl1b9RzQ%3D,https://www.theepochtimes.com/mkt_breakingnews/pennsylvania-department-of-health-refuses-to-provide-full-covid-19-death-data_4097040.html?utm_source=News&utm_medium=email&utm_campaign=breaking-2021-11-11-2&mktids=3700b5c6576a7bdb9aac3c7e6dec1ddf&est=2zS9%2FH13E44P4R770XHz14dR26SVBQ7mhwkGZxM9dYZikyMv%2Bb2gTdiFpro9ItMXl1b9RzQ%3D
www.documentcloud.org,https://www.documentcloud.org/documents/21261598-5coa-united-vaccine-mandate-per-curiam?responsive=1&title=1,https://www.documentcloud.org/documents/21261598-5coa-united-vaccine-mandate-per-curiam?responsive=1&title=1
rumble.com,https://rumble.com/vqgyq0-homicide-numbers-soaring-across-u.s.-cities.html?mref=6zof&mc=dgip3&utm_source=newsletter&utm_medium=email&utm_campaign=Sean+Hannity&ep=2,https://rumble.com/vqgyq0-homicide-numbers-soaring-across-u.s.-cities.html?mref=6zof&mc=dgip3&utm_source=newsletter&utm_medium=email&utm_campaign=Sean+Hannity&ep=2
independentside.com,https://independentside.com/watch-1-million-australians-march-for-freedom-against-covid-19-restrictions-and-mandatory-vaccination/,https://independentside.com/watch-1-million-australians-march-for-freedom-against-covid-19-restrictions-and-mandatory-vaccination/
www.therenewal2022.org,https://www.therenewal2022.org/,https://www.therenewal2022.org/
m.theepochtimes.com,https://m.theepochtimes.com/biden-administration-urges-court-not-to-allow-release-of-secret-report-on-dominion-voting-machines_4273710.html?utm_source=ref_share&utm_campaign=mb-cc,https://www.theepochtimes.com/biden-administration-urges-court-not-to-allow-release-of-secret-report-on-dominion-voting-machines_4273710.html?utm_source=ref_share&utm_campaign=mb-cc
twitter.com,https://twitter.com/ElectionWiz/status/1495066384707039236?s=20&t=wELM0NgmiiX5nCOgRlrUOA,https://twitter.com/ElectionWiz/status/1495066384707039236?s=20&t=wELM0NgmiiX5nCOgRlrUOA
rumble.com,https://rumble.com/vsgwz5-january-12-2022.html?mref=6zof&mc=dgip3&utm_source=newsletter&utm_medium=email&utm_campaign=The+Gateway+Pundit&ep=1,https://rumble.com/vsgwz5-january-12-2022.html?mref=6zof&mc=dgip3&utm_source=newsletter&utm_medium=email&utm_campaign=The+Gateway+Pundit&ep=1
rumble.com,https://rumble.com/vsjojb-sidney-powells-interview-with-brannon-howse.html,https://rumble.com/vsjojb-sidney-powells-interview-with-brannon-howse.html
www.france24.com,https://www.france24.com/en/live-news/20211104-grave-concern-over-covid-in-europe-as-german-cases-soar,https://www.france24.com/en/live-news/20211104-grave-concern-over-covid-in-europe-as-german-cases-soar
rumble.com,https://rumble.com/vvyoi9-the-memory-cards.htmlf,https://rumble.com/vvyoi9-the-memory-cards.html
www.aps.edu,https://www.aps.edu/news/news-from-2021-2022/all-aps-schools-to-implement-enhanced-covid-safe-practices,https://www.aps.edu/news/news-from-2021-2022/all-aps-schools-to-implement-enhanced-covid-safe-practices
tinyurl.com,http://tinyurl.com/3w4f3vmt,https://beckernews.com/newly-released-documents-show-dr-anthony-fauci-made-a-massive-amount-of-money-during-the-covid-pandemic-43770/
gettr.com,https://gettr.com/post/pv72t47ae5,https://gettr.com/post/pv72t47ae5
youtu.be,https://youtu.be/Jz8knUzWul0,https://www.youtube.com/watch?v=Jz8knUzWul0&feature=youtu.be
t.me,https://t.me/wendyrogersaz/2070,https://t.me/wendyrogersaz/2070
m.theepochtimes.com,https://m.theepochtimes.com/mkt_breakingnews/casualties-reported-after-driver-plows-through-a-wisconsin-christmas-parade_4116786.html?utm_source=News&utm_medium=email&utm_campaign=breaking-2021-11-22-1&mktids=99cde5d76f9f55df69a45baeab59b87c&est=v9Y5lwWWI6j1c86Qfxvvxy7iGYTw1TP29PHlAny6KrHFiqboCZwa%2BssLCBZMDCBJPsi3PHE%3D,https://www.theepochtimes.com/mkt_breakingnews/casualties-reported-after-driver-plows-through-a-wisconsin-christmas-parade_4116786.html?utm_source=News&utm_medium=email&utm_campaign=breaking-2021-11-22-1&mktids=99cde5d76f9f55df69a45baeab59b87c&est=v9Y5lwWWI6j1c86Qfxvvxy7iGYTw1TP29PHlAny6KrHFiqboCZwa%2BssLCBZMDCBJPsi3PHE%3D
rumble.com,https://rumble.com/vv0zh4-tom-fitton-under-the-current-republican-leadership-nothing-is-going-to-get-.html,https://rumble.com/vv0zh4-tom-fitton-under-the-current-republican-leadership-nothing-is-going-to-get-.html
www.buzzfeednews.com,https://www.buzzfeednews.com/article/jasonleopold/cia-employees-sex-crimes-children-secret-files-foia,https://www.buzzfeednews.com/article/jasonleopold/cia-employees-sex-crimes-children-secret-files-foia
twitter.com,https://twitter.com/NoToadsAllowed/status/1456450173564039182?s=20,https://twitter.com/NoToadsAllowed/status/1456450173564039182?s=20
www.timesofisrael.com,https://www.timesofisrael.com/1-in-4-hospitalized-covid-patients-who-lack-vitamin-d-die-israeli-study/,https://www.timesofisrael.com/1-in-4-hospitalized-covid-patients-who-lack-vitamin-d-die-israeli-study/
twitter.com,https://twitter.com/RobertKennedyJr/status/1490747853806915598,https://twitter.com/RobertKennedyJr/status/1490747853806915598
rumble.com,https://rumble.com/vu6egs-we-the-fringe.html,https://rumble.com/vu6egs-we-the-fringe.html
americanfaith.com,https://americanfaith.com/pfizer-booster-listed-as-cause-of-death-in-26-year-olds-autopsy-death-certificate-after-work-mandated-jab/,https://americanfaith.com/pfizer-booster-listed-as-cause-of-death-in-26-year-olds-autopsy-death-certificate-after-work-mandated-jab/
rumble.com,https://rumble.com/vvyos4-the-corruption.html,https://rumble.com/vvyos4-the-corruption.html
gettr.com,https://gettr.com/post/psyxei8fcb,https://gettr.com/post/psyxei8fcb
technofog.substack.com,https://technofog.substack.com/p/exemptions-to-the-covid-19-vaccine,https://technofog.substack.com/p/exemptions-to-the-covid-19-vaccine
rumble.com,https://rumble.com/user/RealSidneyPowell,https://rumble.com/user/RealSidneyPowell
kanekoa.substack.com,https://kanekoa.substack.com/p/40-places-where-covid-shots-have,https://kanekoa.substack.com/p/40-places-where-covid-shots-have
myemail.constantcontact.com,https://myemail.constantcontact.com/You-are-Invited-to-an-Exclusive-Event-Featuring-an-Election-Integrity-Hero-.html?soid=1138536930967&aid=GJ5H-xSzrNI,https://myemail.constantcontact.com/You-are-Invited-to-an-Exclusive-Event-Featuring-an-Election-Integrity-Hero-.html?soid=1138536930967&aid=GJ5H-xSzrNI
parler.com,https://parler.com/SidneyPowell,https://parler.com/SidneyPowell
m.theepochtimes.com,https://m.theepochtimes.com/mkt_breakingnews/report-of-problems-with-pfizer-covid-19-vaccine-trial-being-investigated-contract-company_4085813.html?utm_source=News&utm_medium=email&utm_campaign=breaking-2021-11-04-3&mktids=93c6962b66e6671462bf9516008cc848&est=AJoQaDZBfEaNRhou2ha1LICyPy0D658STeWp4s3zDlP4V9hrba4UN%2BvQwwtYJ6nhtwhRhqc%3D,https://www.theepochtimes.com/mkt_breakingnews/report-of-problems-with-pfizer-covid-19-vaccine-trial-being-investigated-contract-company_4085813.html?utm_source=News&utm_medium=email&utm_campaign=breaking-2021-11-04-3&mktids=93c6962b66e6671462bf9516008cc848&est=AJoQaDZBfEaNRhou2ha1LICyPy0D658STeWp4s3zDlP4V9hrba4UN%2BvQwwtYJ6nhtwhRhqc%3D
tinyurl.com,http://tinyurl.com/25abawbp,https://beckernews.com/the-cdc-has-been-warned-a-criminal-fraud-investigation-is-ready-to-go-after-midterm-elections-44287/
rumble.com,https://rumble.com/vqwjyg-du-bist-nicht-allein.-you-are-not-alone.html,https://rumble.com/vqwjyg-du-bist-nicht-allein.-you-are-not-alone.html
m.theepochtimes.com,https://m.theepochtimes.com/mkt_breakingnews/california-nordstrom-ransacked-by-80-looters-in-ski-masks-with-crowbars-witnesses_4116049.html?utm_source=News&utm_medium=email&utm_campaign=breaking-2021-11-21-2&mktids=0fc54dec3d1f847b6362c76790c64d2a&est=sdIQNS7lVtb86QFtCgSLMqhPjdWdwjGCM%2B5KdbWkcytx25pfyDl7TffDn5YUp6%2BCdTWiE%2Fs%3D,https://www.theepochtimes.com/mkt_breakingnews/california-nordstrom-ransacked-by-80-looters-in-ski-masks-with-crowbars-witnesses_4116049.html?utm_source=News&utm_medium=email&utm_campaign=breaking-2021-11-21-2&mktids=0fc54dec3d1f847b6362c76790c64d2a&est=sdIQNS7lVtb86QFtCgSLMqhPjdWdwjGCM%2B5KdbWkcytx25pfyDl7TffDn5YUp6%2BCdTWiE%2Fs%3D
resistthemainstream.org,https://resistthemainstream.org/watch-massive-european-protests-against-covid-19-lockdowns-vaccine-mandates-erupt-into-an-war-zone/?utm_source=gab,https://resistthemainstream.org/watch-massive-european-protests-against-covid-19-lockdowns-vaccine-mandates-erupt-into-an-war-zone/?utm_source=gab
public-inspection.federalregister.gov,https://public-inspection.federalregister.gov/2022-01532.pdf,https://public-inspection.federalregister.gov/2022-01532.pdf
gettr.com,https://gettr.com/post/pqkg8989dd,https://gettr.com/post/pqkg8989dd